{
  "3": {
    "ATK Base": [
      0,
      19.5,
      38.900001525878906,
      58.400001525878906,
      77.80000305175781,
      97.30000305175781,
      116.69999694824219
    ]
  },
  "4": {
    "ATK Base": [
      0,
      25.899999618530273,
      51.900001525878906,
      77.80000305175781,
      103.69999694824219,
      129.6999969482422,
      155.60000610351562
    ]
  },
  "5": {
    "ATK Base": [
      0,
      31.100000381469727,
      62.20000076293945,
      93.4000015258789,
      124.5,
      155.60000610351562,
      186.6999969482422
    ]
  }
}
