{
  "101": [
    1.0,
    1.0,
    1.0,
    1.0,
    1.1619999408721924,
    1.1619999408721924,
    1.1619999408721924,
    1.1619999408721924,
    1.1619999408721924,
    1.3630000352859497,
    1.3630000352859497,
    1.3630000352859497,
    1.3630000352859497,
    1.3630000352859497,
    1.565000057220459,
    1.565000057220459,
    1.565000057220459,
    1.565000057220459,
    1.565000057220459,
    1.7669999599456787,
    1.7669999599456787,
    1.7669999599456787,
    1.7669999599456787,
    1.7669999599456787,
    1.968999981880188,
    1.968999981880188,
    1.968999981880188,
    1.968999981880188,
    1.968999981880188,
    2.1710000038146973,
    2.1710000038146973,
    2.1710000038146973,
    2.1710000038146973,
    2.1710000038146973,
    2.372999906539917,
    2.372999906539917,
    2.372999906539917,
    2.372999906539917,
    2.372999906539917,
    2.575000047683716,
    2.575000047683716,
    2.575000047683716,
    2.575000047683716,
    2.575000047683716,
    2.7769999504089355,
    2.7769999504089355,
    2.7769999504089355,
    2.7769999504089355,
    2.7769999504089355,
    2.9790000915527344,
    2.9790000915527344,
    2.9790000915527344,
    2.9790000915527344,
    2.9790000915527344,
    3.180999994277954,
    3.180999994277954,
    3.180999994277954,
    3.180999994277954,
    3.180999994277954,
    3.382999897003174,
    3.382999897003174,
    3.382999897003174,
    3.382999897003174,
    3.382999897003174,
    3.5850000381469727,
    3.5850000381469727,
    3.5850000381469727,
    3.5850000381469727,
    3.5850000381469727,
    3.7860000133514404,
    3.7860000133514404,
    3.7860000133514404,
    3.7860000133514404,
    3.7860000133514404,
    3.98799991607666,
    3.98799991607666,
    3.98799991607666,
    3.98799991607666,
    3.98799991607666,
    4.190000057220459,
    4.190000057220459,
    4.190000057220459,
    4.190000057220459,
    4.190000057220459,
    4.392000198364258,
    4.392000198364258,
    4.392000198364258,
    4.392000198364258,
    4.392000198364258,
    4.593999862670898,
    4.593999862670898,
    4.593999862670898,
    4.593999862670898,
    4.593999862670898,
    4.796000003814697,
    4.796000003814697,
    4.796000003814697,
    4.796000003814697,
    4.796000003814697,
    4.998000144958496
  ],
  "201": [
    1.0,
    1.0,
    1.0,
    1.0,
    1.1619999408721924,
    1.1619999408721924,
    1.1619999408721924,
    1.1619999408721924,
    1.1619999408721924,
    1.3630000352859497,
    1.3630000352859497,
    1.3630000352859497,
    1.3630000352859497,
    1.3630000352859497,
    1.565000057220459,
    1.565000057220459,
    1.565000057220459,
    1.565000057220459,
    1.565000057220459,
    1.7669999599456787,
    1.7669999599456787,
    1.7669999599456787,
    1.7669999599456787,
    1.7669999599456787,
    1.968999981880188,
    1.968999981880188,
    1.968999981880188,
    1.968999981880188,
    1.968999981880188,
    2.1710000038146973,
    2.1710000038146973,
    2.1710000038146973,
    2.1710000038146973,
    2.1710000038146973,
    2.372999906539917,
    2.372999906539917,
    2.372999906539917,
    2.372999906539917,
    2.372999906539917,
    2.575000047683716,
    2.575000047683716,
    2.575000047683716,
    2.575000047683716,
    2.575000047683716,
    2.7769999504089355,
    2.7769999504089355,
    2.7769999504089355,
    2.7769999504089355,
    2.7769999504089355,
    2.9790000915527344,
    2.9790000915527344,
    2.9790000915527344,
    2.9790000915527344,
    2.9790000915527344,
    3.180999994277954,
    3.180999994277954,
    3.180999994277954,
    3.180999994277954,
    3.180999994277954,
    3.382999897003174,
    3.382999897003174,
    3.382999897003174,
    3.382999897003174,
    3.382999897003174,
    3.5850000381469727,
    3.5850000381469727,
    3.5850000381469727,
    3.5850000381469727,
    3.5850000381469727,
    3.7860000133514404,
    3.7860000133514404,
    3.7860000133514404,
    3.7860000133514404,
    3.7860000133514404,
    3.98799991607666,
    3.98799991607666,
    3.98799991607666,
    3.98799991607666,
    3.98799991607666,
    4.190000057220459,
    4.190000057220459,
    4.190000057220459,
    4.190000057220459,
    4.190000057220459,
    4.392000198364258,
    4.392000198364258,
    4.392000198364258,
    4.392000198364258,
    4.392000198364258,
    4.593999862670898,
    4.593999862670898,
    4.593999862670898,
    4.593999862670898,
    4.593999862670898,
    4.796000003814697,
    4.796000003814697,
    4.796000003814697,
    4.796000003814697,
    4.796000003814697,
    4.998000144958496
  ],
  "301": [
    1.0,
    1.0,
    1.0,
    1.0,
    1.1619999408721924,
    1.1619999408721924,
    1.1619999408721924,
    1.1619999408721924,
    1.1619999408721924,
    1.3630000352859497,
    1.3630000352859497,
    1.3630000352859497,
    1.3630000352859497,
    1.3630000352859497,
    1.565000057220459,
    1.565000057220459,
    1.565000057220459,
    1.565000057220459,
    1.565000057220459,
    1.7669999599456787,
    1.7669999599456787,
    1.7669999599456787,
    1.7669999599456787,
    1.7669999599456787,
    1.968999981880188,
    1.968999981880188,
    1.968999981880188,
    1.968999981880188,
    1.968999981880188,
    2.1710000038146973,
    2.1710000038146973,
    2.1710000038146973,
    2.1710000038146973,
    2.1710000038146973,
    2.372999906539917,
    2.372999906539917,
    2.372999906539917,
    2.372999906539917,
    2.372999906539917,
    2.575000047683716,
    2.575000047683716,
    2.575000047683716,
    2.575000047683716,
    2.575000047683716,
    2.7769999504089355,
    2.7769999504089355,
    2.7769999504089355,
    2.7769999504089355,
    2.7769999504089355,
    2.9790000915527344,
    2.9790000915527344,
    2.9790000915527344,
    2.9790000915527344,
    2.9790000915527344,
    3.180999994277954,
    3.180999994277954,
    3.180999994277954,
    3.180999994277954,
    3.180999994277954,
    3.382999897003174,
    3.382999897003174,
    3.382999897003174,
    3.382999897003174,
    3.382999897003174,
    3.5850000381469727,
    3.5850000381469727,
    3.5850000381469727,
    3.5850000381469727,
    3.5850000381469727,
    3.7860000133514404,
    3.7860000133514404,
    3.7860000133514404,
    3.7860000133514404,
    3.7860000133514404,
    3.98799991607666,
    3.98799991607666,
    3.98799991607666,
    3.98799991607666,
    3.98799991607666,
    4.190000057220459,
    4.190000057220459,
    4.190000057220459,
    4.190000057220459,
    4.190000057220459,
    4.392000198364258,
    4.392000198364258,
    4.392000198364258,
    4.392000198364258,
    4.392000198364258,
    4.593999862670898,
    4.593999862670898,
    4.593999862670898,
    4.593999862670898,
    4.593999862670898,
    4.796000003814697,
    4.796000003814697,
    4.796000003814697,
    4.796000003814697,
    4.796000003814697,
    4.998000144958496
  ]
}